<PAMDataset>
  <SRS>PROJCS["SAD69 / UTM zone 23S",GEOGCS["SAD69",DATUM["South_American_Datum_1969",SPHEROID["GRS 1967",6378160,"297,9999999999955",AUTHORITY["EPSG","7036"]],AUTHORITY["EPSG","6291"]],PRIMEM["Greenwich",0],UNIT["degree","0,0174532925199433"],AUTHORITY["EPSG","4291"]],PROJECTION["Transverse_Mercator"],PARAMETER["latitude_of_origin",0],PARAMETER["central_meridian",0],PARAMETER["scale_factor",0],PARAMETER["false_easting",500000],PARAMETER["false_northing",10000000],UNIT["metre",1,AUTHORITY["EPSG","9001"]],AUTHORITY["EPSG","29183"]]</SRS>
  <GeoTransform> 3.5638927300000004e+005, 1.2498698927191754e-001, 0.0000000000000000e+000, 7.4021572600000054e+006, 0.0000000000000000e+000,-1.2500781414928497e-001</GeoTransform>
  <Metadata domain="IMAGE_STRUCTURE">
    <MDI key="COMPRESSION">JPEG</MDI>
    <MDI key="INTERLEAVE">PIXEL</MDI>
    <MDI key="SOURCE_COLOR_SPACE">YCbCr</MDI>
  </Metadata>
  <Metadata>
    <MDI key="GEOTIFF_CHAR__GTModelTypeGeoKey">ModelTypeProjected</MDI>
    <MDI key="GEOTIFF_CHAR__GTRasterTypeGeoKey">RasterPixelIsArea</MDI>
    <MDI key="GEOTIFF_CHAR__ProjectedCSTypeGeoKey">PCS_SAD69_UTM_zone_23S</MDI>
    <MDI key="GEOTIFF_NUM__1024__GTModelTypeGeoKey">1</MDI>
    <MDI key="GEOTIFF_NUM__1025__GTRasterTypeGeoKey">1</MDI>
    <MDI key="GEOTIFF_NUM__3072__ProjectedCSTypeGeoKey">29183</MDI>
    <MDI key="GEOTIFF_NUM__3073__PCSCitationGeoKey">GeoTiff support by Geokosmos - Licensed to Engefoto S/A - SAD69 Zone 23</MDI>
    <MDI key="IMAGE__ENCODING_APPLICATION">GeoExpress 6.0.0.1331</MDI>
    <MDI key="IMAGE__INPUT_FILE_SIZE">62232585.000000</MDI>
    <MDI key="IMAGE__INPUT_FORMAT">GeoTIFF</MDI>
    <MDI key="IMAGE__INPUT_NAME">F:\MDT_Ortofoto\4436-4 aprov\1O_4436-413_060420.tif</MDI>
    <MDI key="VERSION">MG3</MDI>
  </Metadata>
  <PAMRasterBand band="1">
    <Metadata domain="IMAGE_STRUCTURE">
      <MDI key="COMPRESSION">JPEG</MDI>
    </Metadata>
  </PAMRasterBand>
  <PAMRasterBand band="2">
    <Metadata domain="IMAGE_STRUCTURE">
      <MDI key="COMPRESSION">JPEG</MDI>
    </Metadata>
  </PAMRasterBand>
  <PAMRasterBand band="3">
    <Metadata domain="IMAGE_STRUCTURE">
      <MDI key="COMPRESSION">JPEG</MDI>
    </Metadata>
  </PAMRasterBand>
</PAMDataset>
