<PAMDataset>
  <GeoTransform> 3.1831632400000002e+005, 1.2500000000000000e-001, 0.0000000000000000e+000, 7.3832765400000000e+006, 0.0000000000000000e+000,-1.2500000000000000e-001</GeoTransform>
  <Metadata domain="IMAGE_STRUCTURE">
    <MDI key="COMPRESSION">JPEG</MDI>
    <MDI key="INTERLEAVE">PIXEL</MDI>
    <MDI key="SOURCE_COLOR_SPACE">YCbCr</MDI>
  </Metadata>
  <Metadata>
    <MDI key="GEOTIFF_CHAR__GTModelTypeGeoKey">Undefined</MDI>
    <MDI key="GEOTIFF_CHAR__GTRasterTypeGeoKey">RasterPixelIsArea</MDI>
    <MDI key="GEOTIFF_NUM__1024__GTModelTypeGeoKey">0</MDI>
    <MDI key="GEOTIFF_NUM__1025__GTRasterTypeGeoKey">1</MDI>
    <MDI key="IMAGE__COMPRESSION_BLOCK_SIZE">512</MDI>
    <MDI key="IMAGE__COMPRESSION_GAMMA">2.000000</MDI>
    <MDI key="IMAGE__COMPRESSION_NLEV">9</MDI>
    <MDI key="IMAGE__COMPRESSION_VERSION">2,0,0</MDI>
    <MDI key="IMAGE__COMPRESSION_WEIGHT">4.000000</MDI>
    <MDI key="IMAGE__CREATION_DATE">Wed May 10 17:31:31 2006
</MDI>
    <MDI key="IMAGE__INPUT_FILE_SIZE">62533538.000000</MDI>
    <MDI key="IMAGE__INPUT_FORMAT">GeoTIFF</MDI>
    <MDI key="IMAGE__INPUT_NAME">c:/transformacao/scm/2342-4/1o_2342-413_060511.tif</MDI>
    <MDI key="IMAGE__STATISTICS_MAX">236,242,238</MDI>
    <MDI key="IMAGE__STATISTICS_MEAN">124.189116,127.891450,118.658973</MDI>
    <MDI key="IMAGE__STATISTICS_MIN">8,11,8</MDI>
    <MDI key="IMAGE__STATISTICS_STANDARD_DEVIATION">55.016614,52.799475,59.702904</MDI>
    <MDI key="IMAGE__TARGET_COMPRESSION_RATIO">10.000000</MDI>
    <MDI key="IMG__HORIZONTAL_UNITS">other</MDI>
    <MDI key="VERSION">MG2</MDI>
  </Metadata>
  <PAMRasterBand band="1">
    <Metadata domain="IMAGE_STRUCTURE">
      <MDI key="COMPRESSION">JPEG</MDI>
    </Metadata>
  </PAMRasterBand>
  <PAMRasterBand band="2">
    <Metadata domain="IMAGE_STRUCTURE">
      <MDI key="COMPRESSION">JPEG</MDI>
    </Metadata>
  </PAMRasterBand>
  <PAMRasterBand band="3">
    <Metadata domain="IMAGE_STRUCTURE">
      <MDI key="COMPRESSION">JPEG</MDI>
    </Metadata>
  </PAMRasterBand>
</PAMDataset>
