<PAMDataset>
  <GeoTransform> 3.1837394900000002e+005, 1.2500000000000000e-001, 0.0000000000000000e+000, 7.3786620599999996e+006, 0.0000000000000000e+000,-1.2500000000000000e-001</GeoTransform>
  <Metadata domain="IMAGE_STRUCTURE">
    <MDI key="COMPRESSION">JPEG</MDI>
    <MDI key="INTERLEAVE">PIXEL</MDI>
    <MDI key="SOURCE_COLOR_SPACE">YCbCr</MDI>
  </Metadata>
  <Metadata>
    <MDI key="GEOTIFF_CHAR__GTModelTypeGeoKey">Undefined</MDI>
    <MDI key="GEOTIFF_CHAR__GTRasterTypeGeoKey">RasterPixelIsArea</MDI>
    <MDI key="GEOTIFF_NUM__1024__GTModelTypeGeoKey">0</MDI>
    <MDI key="GEOTIFF_NUM__1025__GTRasterTypeGeoKey">1</MDI>
    <MDI key="IMAGE__COMPRESSION_BLOCK_SIZE">512</MDI>
    <MDI key="IMAGE__COMPRESSION_GAMMA">2.000000</MDI>
    <MDI key="IMAGE__COMPRESSION_NLEV">9</MDI>
    <MDI key="IMAGE__COMPRESSION_VERSION">2,0,0</MDI>
    <MDI key="IMAGE__COMPRESSION_WEIGHT">4.000000</MDI>
    <MDI key="IMAGE__CREATION_DATE">Mon Jun 12 15:59:12 2006
</MDI>
    <MDI key="IMAGE__INPUT_FILE_SIZE">62519386.000000</MDI>
    <MDI key="IMAGE__INPUT_FORMAT">GeoTIFF</MDI>
    <MDI key="IMAGE__INPUT_NAME">c:/transformacao/scm/2344-4/1o_2344-413_060613.tif</MDI>
    <MDI key="IMAGE__STATISTICS_MAX">252,252,254</MDI>
    <MDI key="IMAGE__STATISTICS_MEAN">136.892414,135.823592,124.550898</MDI>
    <MDI key="IMAGE__STATISTICS_MIN">4,4,4</MDI>
    <MDI key="IMAGE__STATISTICS_STANDARD_DEVIATION">44.566930,44.359587,45.655093</MDI>
    <MDI key="IMAGE__TARGET_COMPRESSION_RATIO">10.000000</MDI>
    <MDI key="IMG__HORIZONTAL_UNITS">other</MDI>
    <MDI key="VERSION">MG2</MDI>
  </Metadata>
  <PAMRasterBand band="1">
    <Metadata domain="IMAGE_STRUCTURE">
      <MDI key="COMPRESSION">JPEG</MDI>
    </Metadata>
  </PAMRasterBand>
  <PAMRasterBand band="2">
    <Metadata domain="IMAGE_STRUCTURE">
      <MDI key="COMPRESSION">JPEG</MDI>
    </Metadata>
  </PAMRasterBand>
  <PAMRasterBand band="3">
    <Metadata domain="IMAGE_STRUCTURE">
      <MDI key="COMPRESSION">JPEG</MDI>
    </Metadata>
  </PAMRasterBand>
</PAMDataset>
