<PAMDataset>
  <GeoTransform> 3.1737692499999999e+005, 1.2500000000000000e-001, 0.0000000000000000e+000, 7.3734576200000001e+006, 0.0000000000000000e+000,-1.2500000000000000e-001</GeoTransform>
  <Metadata domain="IMAGE_STRUCTURE">
    <MDI key="COMPRESSION">JPEG</MDI>
    <MDI key="INTERLEAVE">PIXEL</MDI>
    <MDI key="SOURCE_COLOR_SPACE">YCbCr</MDI>
  </Metadata>
  <Metadata>
    <MDI key="GEOTIFF_CHAR__GTModelTypeGeoKey">Undefined</MDI>
    <MDI key="GEOTIFF_CHAR__GTRasterTypeGeoKey">RasterPixelIsArea</MDI>
    <MDI key="GEOTIFF_NUM__1024__GTModelTypeGeoKey">0</MDI>
    <MDI key="GEOTIFF_NUM__1025__GTRasterTypeGeoKey">1</MDI>
    <MDI key="IMAGE__COMPRESSION_BLOCK_SIZE">512</MDI>
    <MDI key="IMAGE__COMPRESSION_GAMMA">2.000000</MDI>
    <MDI key="IMAGE__COMPRESSION_NLEV">9</MDI>
    <MDI key="IMAGE__COMPRESSION_VERSION">2,0,0</MDI>
    <MDI key="IMAGE__COMPRESSION_WEIGHT">4.000000</MDI>
    <MDI key="IMAGE__CREATION_DATE">Wed Apr 19 08:34:28 2006
</MDI>
    <MDI key="IMAGE__INPUT_FILE_SIZE">62503806.000000</MDI>
    <MDI key="IMAGE__INPUT_FORMAT">GeoTIFF</MDI>
    <MDI key="IMAGE__INPUT_NAME">c:/transformacao/scm/2346-3/1o_2346-361_060420.tif</MDI>
    <MDI key="IMAGE__STATISTICS_MAX">194,191,172</MDI>
    <MDI key="IMAGE__STATISTICS_MEAN">103.824701,110.529894,89.669838</MDI>
    <MDI key="IMAGE__STATISTICS_MIN">8,8,10</MDI>
    <MDI key="IMAGE__STATISTICS_STANDARD_DEVIATION">40.003154,36.068933,23.604174</MDI>
    <MDI key="IMAGE__TARGET_COMPRESSION_RATIO">10.000000</MDI>
    <MDI key="IMG__HORIZONTAL_UNITS">other</MDI>
    <MDI key="VERSION">MG2</MDI>
  </Metadata>
  <PAMRasterBand band="1">
    <Metadata domain="IMAGE_STRUCTURE">
      <MDI key="COMPRESSION">JPEG</MDI>
    </Metadata>
  </PAMRasterBand>
  <PAMRasterBand band="2">
    <Metadata domain="IMAGE_STRUCTURE">
      <MDI key="COMPRESSION">JPEG</MDI>
    </Metadata>
  </PAMRasterBand>
  <PAMRasterBand band="3">
    <Metadata domain="IMAGE_STRUCTURE">
      <MDI key="COMPRESSION">JPEG</MDI>
    </Metadata>
  </PAMRasterBand>
</PAMDataset>
