<PAMDataset>
  <GeoTransform> 3.2855463720100001e+005, 1.2500000000000000e-001, 0.0000000000000000e+000, 7.3712862230009986e+006, 0.0000000000000000e+000,-1.2500000000000000e-001</GeoTransform>
  <Metadata domain="IMAGE_STRUCTURE">
    <MDI key="COMPRESSION">JPEG</MDI>
    <MDI key="INTERLEAVE">PIXEL</MDI>
    <MDI key="SOURCE_COLOR_SPACE">YCbCr</MDI>
  </Metadata>
  <Metadata>
    <MDI key="IMAGE__COMPRESSION_BLOCK_SIZE">512</MDI>
    <MDI key="IMAGE__COMPRESSION_GAMMA">2.000000</MDI>
    <MDI key="IMAGE__COMPRESSION_NLEV">7</MDI>
    <MDI key="IMAGE__COMPRESSION_VERSION">1,6,1</MDI>
    <MDI key="IMAGE__COMPRESSION_WEIGHT">4.000000</MDI>
    <MDI key="IMAGE__CREATION_DATE">Thu May 18 16:57:40 2006
</MDI>
    <MDI key="IMAGE__INPUT_FILE_SIZE">62405500.000000</MDI>
    <MDI key="IMAGE__INPUT_NAME">G:\CONCIDADE_FINAL_LEVELS\ENTREGA_060420\SCM3212-1\1O_3212-142_060420.tif</MDI>
    <MDI key="IMAGE__TARGET_COMPRESSION_RATIO">10.000000</MDI>
    <MDI key="PShop__ImageResources"></MDI>
    <MDI key="VERSION">MG2</MDI>
  </Metadata>
  <PAMRasterBand band="1">
    <Metadata domain="IMAGE_STRUCTURE">
      <MDI key="COMPRESSION">JPEG</MDI>
    </Metadata>
  </PAMRasterBand>
  <PAMRasterBand band="2">
    <Metadata domain="IMAGE_STRUCTURE">
      <MDI key="COMPRESSION">JPEG</MDI>
    </Metadata>
  </PAMRasterBand>
  <PAMRasterBand band="3">
    <Metadata domain="IMAGE_STRUCTURE">
      <MDI key="COMPRESSION">JPEG</MDI>
    </Metadata>
  </PAMRasterBand>
</PAMDataset>
