<PAMDataset>
  <GeoTransform> 3.1838119900000002e+005, 1.2500000000000000e-001, 0.0000000000000000e+000, 7.3780853099999996e+006, 0.0000000000000000e+000,-1.2500000000000000e-001</GeoTransform>
  <Metadata domain="IMAGE_STRUCTURE">
    <MDI key="COMPRESSION">JPEG</MDI>
    <MDI key="INTERLEAVE">PIXEL</MDI>
    <MDI key="SOURCE_COLOR_SPACE">YCbCr</MDI>
  </Metadata>
  <Metadata>
    <MDI key="GEOTIFF_CHAR__GTModelTypeGeoKey">Undefined</MDI>
    <MDI key="GEOTIFF_CHAR__GTRasterTypeGeoKey">RasterPixelIsArea</MDI>
    <MDI key="GEOTIFF_NUM__1024__GTModelTypeGeoKey">0</MDI>
    <MDI key="GEOTIFF_NUM__1025__GTRasterTypeGeoKey">1</MDI>
    <MDI key="IMAGE__COMPRESSION_BLOCK_SIZE">512</MDI>
    <MDI key="IMAGE__COMPRESSION_GAMMA">2.000000</MDI>
    <MDI key="IMAGE__COMPRESSION_NLEV">9</MDI>
    <MDI key="IMAGE__COMPRESSION_VERSION">2,0,0</MDI>
    <MDI key="IMAGE__COMPRESSION_WEIGHT">4.000000</MDI>
    <MDI key="IMAGE__CREATION_DATE">Mon Jun 12 16:04:00 2006
</MDI>
    <MDI key="IMAGE__INPUT_FILE_SIZE">62518962.000000</MDI>
    <MDI key="IMAGE__INPUT_FORMAT">GeoTIFF</MDI>
    <MDI key="IMAGE__INPUT_NAME">c:/transformacao/scm/2344-4/1o_2344-441_060613.tif</MDI>
    <MDI key="IMAGE__STATISTICS_MAX">228,236,246</MDI>
    <MDI key="IMAGE__STATISTICS_MEAN">130.288753,141.971319,132.188054</MDI>
    <MDI key="IMAGE__STATISTICS_MIN">11,27,26</MDI>
    <MDI key="IMAGE__STATISTICS_STANDARD_DEVIATION">47.810718,50.639019,59.911657</MDI>
    <MDI key="IMAGE__TARGET_COMPRESSION_RATIO">10.000000</MDI>
    <MDI key="IMG__HORIZONTAL_UNITS">other</MDI>
    <MDI key="VERSION">MG2</MDI>
  </Metadata>
  <PAMRasterBand band="1">
    <Metadata domain="IMAGE_STRUCTURE">
      <MDI key="COMPRESSION">JPEG</MDI>
    </Metadata>
  </PAMRasterBand>
  <PAMRasterBand band="2">
    <Metadata domain="IMAGE_STRUCTURE">
      <MDI key="COMPRESSION">JPEG</MDI>
    </Metadata>
  </PAMRasterBand>
  <PAMRasterBand band="3">
    <Metadata domain="IMAGE_STRUCTURE">
      <MDI key="COMPRESSION">JPEG</MDI>
    </Metadata>
  </PAMRasterBand>
</PAMDataset>
