<PAMDataset>
  <SRS>PROJCS["SAD69 / UTM zone 23S",GEOGCS["SAD69",DATUM["South_American_Datum_1969",SPHEROID["Australian National Spheroid",6378160,"297,9999999999955",AUTHORITY["EPSG","7003"]],AUTHORITY["EPSG","6291"]],PRIMEM["Greenwich",0],UNIT["degree","0,0174532925199433"],AUTHORITY["EPSG","4291"]],PROJECTION["Transverse_Mercator"],PARAMETER["latitude_of_origin",0],PARAMETER["central_meridian",0],PARAMETER["scale_factor",0],PARAMETER["false_easting",500000],PARAMETER["false_northing",10000000],UNIT["metre",1,AUTHORITY["EPSG","9001"]],AUTHORITY["EPSG","29183"]]</SRS>
  <GeoTransform> 3.3771331500000006e+005, 1.2502278480678797e-001, 0.0000000000000000e+000, 7.4071547190000005e+006, 0.0000000000000000e+000,-1.2502278480678797e-001</GeoTransform>
  <Metadata domain="IMAGE_STRUCTURE">
    <MDI key="COMPRESSION">JPEG</MDI>
    <MDI key="INTERLEAVE">PIXEL</MDI>
    <MDI key="SOURCE_COLOR_SPACE">YCbCr</MDI>
  </Metadata>
  <Metadata>
    <MDI key="GEOTIFF_CHAR__GeogEllipsoidGeoKey">Ellipse_Australian_National_Spheroid</MDI>
    <MDI key="GEOTIFF_CHAR__GeogGeodeticDatumGeoKey">Datum_South_American_Datum_1969</MDI>
    <MDI key="GEOTIFF_CHAR__GTModelTypeGeoKey">ModelTypeProjected</MDI>
    <MDI key="GEOTIFF_CHAR__GTRasterTypeGeoKey">RasterPixelIsArea</MDI>
    <MDI key="GEOTIFF_CHAR__ProjectedCSTypeGeoKey">PCS_SAD69_UTM_zone_23S</MDI>
    <MDI key="GEOTIFF_CHAR__ProjLinearUnitsGeoKey">Linear_Meter</MDI>
    <MDI key="GEOTIFF_NUM__1024__GTModelTypeGeoKey">1</MDI>
    <MDI key="GEOTIFF_NUM__1025__GTRasterTypeGeoKey">1</MDI>
    <MDI key="GEOTIFF_NUM__2050__GeogGeodeticDatumGeoKey">6291</MDI>
    <MDI key="GEOTIFF_NUM__2056__GeogEllipsoidGeoKey">7003</MDI>
    <MDI key="GEOTIFF_NUM__3072__ProjectedCSTypeGeoKey">29183</MDI>
    <MDI key="GEOTIFF_NUM__3073__PCSCitationGeoKey">Universal Transverse Mercator; South American 1969; Australian National/South American 1969; Zone Number 23S</MDI>
    <MDI key="GEOTIFF_NUM__3076__ProjLinearUnitsGeoKey">9001</MDI>
    <MDI key="GEOTIFF_NUM__3080__ProjNatOriginLongGeoKey">-45.000000</MDI>
    <MDI key="GEOTIFF_NUM__3081__ProjNatOriginLatGeoKey">0.000000</MDI>
    <MDI key="GEOTIFF_NUM__3082__ProjFalseEastingGeoKey">500000000000.000000</MDI>
    <MDI key="GEOTIFF_NUM__3083__ProjFalseNorthingGeoKey">10000000000000.000000</MDI>
    <MDI key="GEOTIFF_NUM__3092__ProjScaleAtNatOriginGeoKey">0.999600</MDI>
    <MDI key="IMAGE__ENCODING_APPLICATION">GeoExpress 6.0.0.1331</MDI>
    <MDI key="IMAGE__INPUT_COMPRESSION_FORMAT">Pack-bits encoding</MDI>
    <MDI key="IMAGE__INPUT_FILE_SIZE">65431694.000000</MDI>
    <MDI key="IMAGE__INPUT_FORMAT">GeoTIFF</MDI>
    <MDI key="IMAGE__INPUT_NAME">E:\MDT_Ortofoto\aprovado\3443-4\1O_3443-412_060506.tif</MDI>
    <MDI key="VERSION">MG3</MDI>
  </Metadata>
  <PAMRasterBand band="1">
    <Metadata domain="IMAGE_STRUCTURE">
      <MDI key="COMPRESSION">JPEG</MDI>
    </Metadata>
  </PAMRasterBand>
  <PAMRasterBand band="2">
    <Metadata domain="IMAGE_STRUCTURE">
      <MDI key="COMPRESSION">JPEG</MDI>
    </Metadata>
  </PAMRasterBand>
  <PAMRasterBand band="3">
    <Metadata domain="IMAGE_STRUCTURE">
      <MDI key="COMPRESSION">JPEG</MDI>
    </Metadata>
  </PAMRasterBand>
</PAMDataset>
