<PAMDataset>
  <GeoTransform> 3.3104819873599999e+005, 1.2500000000000000e-001, 0.0000000000000000e+000, 7.3851599025999997e+006, 0.0000000000000000e+000,-1.2500000000000000e-001</GeoTransform>
  <Metadata domain="IMAGE_STRUCTURE">
    <MDI key="COMPRESSION">JPEG</MDI>
    <MDI key="INTERLEAVE">PIXEL</MDI>
    <MDI key="SOURCE_COLOR_SPACE">YCbCr</MDI>
  </Metadata>
  <Metadata>
    <MDI key="IMAGE__ENCODING_APPLICATION">GeoExpress 6.0.0.1331</MDI>
    <MDI key="IMAGE__INPUT_FILE_SIZE">62440950.000000</MDI>
    <MDI key="IMAGE__INPUT_FORMAT">GeoTIFF</MDI>
    <MDI key="IMAGE__INPUT_NAME">F:\MDT_ortofoto\Aprovado\3332-2_S41\1O_3332-241_060831.tif</MDI>
    <MDI key="PShop__ImageResources"></MDI>
    <MDI key="VERSION">MG3</MDI>
  </Metadata>
  <PAMRasterBand band="1">
    <Metadata domain="IMAGE_STRUCTURE">
      <MDI key="COMPRESSION">JPEG</MDI>
    </Metadata>
  </PAMRasterBand>
  <PAMRasterBand band="2">
    <Metadata domain="IMAGE_STRUCTURE">
      <MDI key="COMPRESSION">JPEG</MDI>
    </Metadata>
  </PAMRasterBand>
  <PAMRasterBand band="3">
    <Metadata domain="IMAGE_STRUCTURE">
      <MDI key="COMPRESSION">JPEG</MDI>
    </Metadata>
  </PAMRasterBand>
</PAMDataset>
