<PAMDataset>
  <GeoTransform> 3.1829482400000002e+005, 1.2500000000000000e-001, 0.0000000000000000e+000, 7.3850068899999997e+006, 0.0000000000000000e+000,-1.2500000000000000e-001</GeoTransform>
  <Metadata domain="IMAGE_STRUCTURE">
    <MDI key="COMPRESSION">JPEG</MDI>
    <MDI key="INTERLEAVE">PIXEL</MDI>
    <MDI key="SOURCE_COLOR_SPACE">YCbCr</MDI>
  </Metadata>
  <Metadata>
    <MDI key="GEOTIFF_CHAR__GTModelTypeGeoKey">Undefined</MDI>
    <MDI key="GEOTIFF_CHAR__GTRasterTypeGeoKey">RasterPixelIsArea</MDI>
    <MDI key="GEOTIFF_NUM__1024__GTModelTypeGeoKey">0</MDI>
    <MDI key="GEOTIFF_NUM__1025__GTRasterTypeGeoKey">1</MDI>
    <MDI key="IMAGE__COMPRESSION_BLOCK_SIZE">512</MDI>
    <MDI key="IMAGE__COMPRESSION_GAMMA">2.000000</MDI>
    <MDI key="IMAGE__COMPRESSION_NLEV">9</MDI>
    <MDI key="IMAGE__COMPRESSION_VERSION">2,0,0</MDI>
    <MDI key="IMAGE__COMPRESSION_WEIGHT">4.000000</MDI>
    <MDI key="IMAGE__CREATION_DATE">Wed Sep 13 16:07:53 2006
</MDI>
    <MDI key="IMAGE__INPUT_FILE_SIZE">62549998.000000</MDI>
    <MDI key="IMAGE__INPUT_FORMAT">GeoTIFF</MDI>
    <MDI key="IMAGE__INPUT_NAME">h:/ricardo_sid/001/1o_2342-241_060831.tif</MDI>
    <MDI key="IMAGE__STATISTICS_MAX">253,253,253</MDI>
    <MDI key="IMAGE__STATISTICS_MEAN">138.843721,155.106240,146.783921</MDI>
    <MDI key="IMAGE__STATISTICS_MIN">8,8,19</MDI>
    <MDI key="IMAGE__STATISTICS_STANDARD_DEVIATION">70.981007,63.721770,65.876512</MDI>
    <MDI key="IMAGE__TARGET_COMPRESSION_RATIO">10.000000</MDI>
    <MDI key="IMG__HORIZONTAL_UNITS">other</MDI>
    <MDI key="VERSION">MG2</MDI>
  </Metadata>
  <PAMRasterBand band="1">
    <Metadata domain="IMAGE_STRUCTURE">
      <MDI key="COMPRESSION">JPEG</MDI>
    </Metadata>
  </PAMRasterBand>
  <PAMRasterBand band="2">
    <Metadata domain="IMAGE_STRUCTURE">
      <MDI key="COMPRESSION">JPEG</MDI>
    </Metadata>
  </PAMRasterBand>
  <PAMRasterBand band="3">
    <Metadata domain="IMAGE_STRUCTURE">
      <MDI key="COMPRESSION">JPEG</MDI>
    </Metadata>
  </PAMRasterBand>
</PAMDataset>
