<PAMDataset>
  <GeoTransform> 3.2208507375699998e+005, 1.2500000000000000e-001, 0.0000000000000000e+000, 7.3792847092749998e+006, 0.0000000000000000e+000,-1.2500000000000000e-001</GeoTransform>
  <Metadata domain="IMAGE_STRUCTURE">
    <MDI key="COMPRESSION">JPEG</MDI>
    <MDI key="INTERLEAVE">PIXEL</MDI>
    <MDI key="SOURCE_COLOR_SPACE">YCbCr</MDI>
  </Metadata>
  <Metadata>
    <MDI key="IMAGE__ENCODING_APPLICATION">GeoExpress 6.0.0.1331</MDI>
    <MDI key="IMAGE__INPUT_FILE_SIZE">62492310.000000</MDI>
    <MDI key="IMAGE__INPUT_FORMAT">GeoTIFF</MDI>
    <MDI key="IMAGE__INPUT_NAME">E:\MDT_Ortofoto\3333-3_ES_ok\1O_3333-312_061013.tif</MDI>
    <MDI key="PShop__ImageResources"></MDI>
    <MDI key="VERSION">MG3</MDI>
  </Metadata>
  <PAMRasterBand band="1">
    <Metadata domain="IMAGE_STRUCTURE">
      <MDI key="COMPRESSION">JPEG</MDI>
    </Metadata>
  </PAMRasterBand>
  <PAMRasterBand band="2">
    <Metadata domain="IMAGE_STRUCTURE">
      <MDI key="COMPRESSION">JPEG</MDI>
    </Metadata>
  </PAMRasterBand>
  <PAMRasterBand band="3">
    <Metadata domain="IMAGE_STRUCTURE">
      <MDI key="COMPRESSION">JPEG</MDI>
    </Metadata>
  </PAMRasterBand>
</PAMDataset>
